Workbook

Sheet Signal
A1: 4 ETF Signal Dashboard
A3: Latest Row | B3: =LOOKUP(2,1/(Daily_Data!$A:$A<>""),ROW(Daily_Data!$A:$A))
A4: Latest Date | B4: =IF(B3="","",INDEX(Daily_Data!$A:$A,B3))
A6: QQQ Signal
A7: QQQ 1D | B7: =IF($B$3="","",INDEX(Daily_Data!$AE:$AE,$B$3))
A8: QQQ 3D | B8: =IF($B$3="","",INDEX(Daily_Data!$AF:$AF,$B$3))
A9: QQQ 5D | B9: =IF($B$3="","",INDEX(Daily_Data!$AG:$AG,$B$3))
A10: QQQ State | B10: =IF(OR(B8="",B9=""),"",IF(AND(B8>0,B9>0),"Bull",IF(AND(B8<0,B9<0),"Bear","Neutral")))
A14: SMH Signal
A15: SMH 1D | B15: =IF($B$3="","",INDEX(Daily_Data!$AI:$AI,$B$3))
A16: SMH 3D | B16: =IF($B$3="","",INDEX(Daily_Data!$AJ:$AJ,$B$3))
A17: SMH 5D | B17: =IF($B$3="","",INDEX(Daily_Data!$AK:$AK,$B$3))
A18: SMH State | B18: =IF(OR(B16="",B17=""),"",IF(AND(B16>0,B17>0),"Bull",IF(AND(B16<0,B17<0),"Bear","Neutral")))
A22: System Output | C22: Current Position
A23: Market Direction | B23: =IF(OR(B10="",B18=""),"",IF(AND(B10="Bull",B18="Bull"),"Bull",IF(AND(B10="Bear",B18="Bear"),"Bear","Wait"))) | C23: Primary ETF | D23: SOXL
A24: Leadership | B24: =IF(B23="","",IF(B23="Wait","Mixed",IF(B16>B8,"Semiconductors",IF(B16<B8,"Nasdaq","Tied")))) | C24: Secondary ETF | D24: TQQQ
A25: Trade 1 | B25: =IF(B23="Bull",IF(B24="Semiconductors","SOXL","TQQQ"),IF(B23="Bear",IF(B24="Semiconductors","SOXS","SQQQ"),"WAIT")) | C25: System State | D25: =B23
A26: Trade 2 | B26: =IF(B23="Bull",IF(B24="Semiconductors","TQQQ","SOXL"),IF(B23="Bear",IF(B24="Semiconductors","SQQQ","SOXS"),"")) | C26: Confidence | D26: =B27
A27: Confidence | B27: =IF(B23="Wait","Low",IF(ABS(B16-B8)>=0.03,"Strong",IF(ABS(B16-B8)>=0.015,"Moderate","Low"))) | C27: Signal Date | D27: 2026-10-29
A30: Legend
A31: Bull / Strong Bull
A32: Bear / Strong Bear
A33: Wait / Neutral / Mixed

Sheet Trades
A1: Trade Plan / Manual Tracking
A3: Date | B3: System Signal | C3: Trade 1 | D3: Trade 2 | E3: Action | F3: Shares 1 | G3: Shares 2 | H3: Entry 1 | I3: Entry 2 | J3: Exit 1 | K3: Exit 2 | L3: Status | M3: Notes
A5: Current Date | B5: =Signal!B4 | D5: Current Position
A6: Market Direction | B6: =Signal!B23 | D6: Primary ETF | E6: =Signal!D23
A7: Trade 1 | B7: =Signal!B25 | D7: Secondary ETF | E7: =Signal!D24
A8: Trade 2 | B8: =Signal!B26 | D8: System State | E8: =Signal!D25
A9: Confidence | B9: =Signal!B27 | D9: Confidence | E9: =Signal!D26

Sheet Scoreboard
A1: Paper Trade Scoreboard
A3: Trade ID | B3: ETF | C3: Date In | D3: Date Out | E3: Entry | F3: Exit | G3: Shares | H3: P&L $ | I3: Return % | J3: Days Held | K3: Exit Reason
H4: =IF(OR(E4="",F4="",G4=""),"", (F4-E4)*G4) | I4: =IF(OR(E4="",F4=""),"", (F4/E4)-1) | J4: =IF(OR(C4="",D4=""),"", D4-C4)
H5: =IF(OR(E5="",F5="",G5=""),"", (F5-E5)*G5) | I5: =IF(OR(E5="",F5=""),"", (F5/E5)-1) | J5: =IF(OR(C5="",D5=""),"", D5-C5)
H6: =IF(OR(E6="",F6="",G6=""),"", (F6-E6)*G6) | I6: =IF(OR(E6="",F6=""),"", (F6/E6)-1) | J6: =IF(OR(C6="",D6=""),"", D6-C6)
H7: =IF(OR(E7="",F7="",G7=""),"", (F7-E7)*G7) | I7: =IF(OR(E7="",F7=""),"", (F7/E7)-1) | J7: =IF(OR(C7="",D7=""),"", D7-C7)
H8: =IF(OR(E8="",F8="",G8=""),"", (F8-E8)*G8) | I8: =IF(OR(E8="",F8=""),"", (F8/E8)-1) | J8: =IF(OR(C8="",D8=""),"", D8-C8)
H9: =IF(OR(E9="",F9="",G9=""),"", (F9-E9)*G9) | I9: =IF(OR(E9="",F9=""),"", (F9/E9)-1) | J9: =IF(OR(C9="",D9=""),"", D9-C9)
H10: =IF(OR(E10="",F10="",G10=""),"", (F10-E10)*G10) | I10: =IF(OR(E10="",F10=""),"", (F10/E10)-1) | J10: =IF(OR(C10="",D10=""),"", D10-C10)
H11: =IF(OR(E11="",F11="",G11=""),"", (F11-E11)*G11) | I11: =IF(OR(E11="",F11=""),"", (F11/E11)-1) | J11: =IF(OR(C11="",D11=""),"", D11-C11)
H12: =IF(OR(E12="",F12="",G12=""),"", (F12-E12)*G12) | I12: =IF(OR(E12="",F12=""),"", (F12/E12)-1) | J12: =IF(OR(C12="",D12=""),"", D12-C12)
H13: =IF(OR(E13="",F13="",G13=""),"", (F13-E13)*G13) | I13: =IF(OR(E13="",F13=""),"", (F13/E13)-1) | J13: =IF(OR(C13="",D13=""),"", D13-C13)
H14: =IF(OR(E14="",F14="",G14=""),"", (F14-E14)*G14) | I14: =IF(OR(E14="",F14=""),"", (F14/E14)-1) | J14: =IF(OR(C14="",D14=""),"", D14-C14)
H15: =IF(OR(E15="",F15="",G15=""),"", (F15-E15)*G15) | I15: =IF(OR(E15="",F15=""),"", (F15/E15)-1) | J15: =IF(OR(C15="",D15=""),"", D15-C15)
... H1000: =IF(OR(E1000="",F1000="",G1000=""),"", (F1000-E1000)*G1000) | I1000: =IF(OR(E1000="",F1000=""),"", (F1000/E1000)-1) | J1000: =IF(OR(C1000="",D1000=""),"", D1000-C1000)

Sheet Stats
A1: Summary Stats
A3: Total Trades | B3: =COUNTIF(Scoreboard!A4:A1000,"<>")
A4: Winning Trades | B4: =COUNTIF(Scoreboard!H4:H1000,">0")
A5: Losing Trades | B5: =COUNTIF(Scoreboard!H4:H1000,"<0")
A6: Win Rate | B6: =IF(B3=0,"",B4/B3)
A7: Total P&L | B7: =SUM(Scoreboard!H4:H1000)
A8: Average Return | B8: =IF(B3=0,"",AVERAGEIF(Scoreboard!I4:I1000,"<>"))

Sheet Daily_Data
A1: Date | B1: SOXL_Open | C1: SOXL_High | D1: SOXL_Low | E1: SOXL_Close | F1: TQQQ_Open | G1: TQQQ_High | H1: TQQQ_Low | I1: TQQQ_Close | J1: SOXS_Open | K1: SOXS_High | L1: SOXS_Low | M1: SOXS_Close | N1: SQQQ_Open | O1: SQQQ_High | P1: SQQQ_Low | Q1: SQQQ_Close | R1: SOXL_%Chg | S1: SOXL_3D | T1: SOXL_5D | U1: TQQQ_%Chg | V1: TQQQ_3D | W1: TQQQ_5D | X1: SOXS_%Chg | Y1: SOXS_3D | Z1: SOXS_5D | AA1: SQQQ_%Chg | AB1: SQQQ_3D | AC1: SQQQ_5D
A2: 2026-09-29 | B2: 148.94 | C2: 152.37 | D2: 145.49 | E2: 147 | F2: 78.13 | G2: 78.26 | H2: 76.62 | I2: 77.46 | J2: 32.82 | K2: 33.64 | L2: 31.96 | M2: 33.26 | N2: 34.34 | O2: 35.02 | P2: 34.28 | Q2: 34.66
A3: 2026-09-30 | B3: 147.95 | C3: 150.77 | D3: 144.41 | E3: 147.86 | F3: 78.13 | G3: 79.68 | H3: 77.94 | I3: 78.03 | J3: 33.07 | K3: 33.86 | L3: 32.42 | M3: 33.08 | N3: 34.36 | O3: 34.44 | P3: 33.66 | Q3: 34.41 | R3: 0.585 | U3: 0.7359 | X3: -0.5412 | AA3: -0.7213
A4: 2026-10-01 | B4: 148.56 | C4: 156.71 | D4: 144.31 | E4: 153.69 | F4: 78.88 | G4: 79.53 | H4: 76.87 | I4: 78.73 | J4: 32.95 | K4: 33.89 | L4: 31.1 | M4: 31.76 | N4: 34.04 | O4: 34.92 | P4: 33.74 | Q4: 34.11 | R4: 3.9429 | U4: 0.8971 | X4: -3.9903 | AA4: -0.8718
A5: 2026-10-02 | B5: 165.39 | C5: 169.75 | D5: 162.4 | E5: 163.71 | F5: 81.59 | G5: 82.61 | H5: 80.37 | I5: 81.01 | J5: 29.39 | K5: 29.98 | L5: 28.46 | M5: 29.71 | N5: 32.87 | O5: 33.41 | P5: 32.44 | Q5: 33.12 | R5: 6.5196 | S5: 11.3673 | U5: 2.896 | V5: 4.583 | X5: -6.4547 | Y5: -10.6735 | AA5: -2.9024 | AB5: -4.4432
A6: 2026-10-05 | B6: 161.66 | C6: 164.38 | D6: 158.08 | E6: 164.27 | F6: 80.95 | G6: 83.38 | H6: 80.85 | I6: 83.12 | J6: 30.09 | K6: 30.75 | L6: 29.62 | M6: 29.62 | N6: 33.17 | O6: 33.2 | P6: 32.16 | Q6: 32.25 | R6: 0.3421 | S6: 11.0983 | U6: 2.6046 | V6: 6.5231 | X6: -0.3029 | Y6: -10.4595 | AA6: -2.6268 | AB6: -6.2772
A7: 2026-10-06 | B7: 167.34 | C7: 169.83 | D7: 163.42 | E7: 164.26 | F7: 84.54 | G7: 85.32 | H7: 84.09 | I7: 84.25 | J7: 29.06 | K7: 29.77 | L7: 28.62 | M7: 29.63 | N7: 31.72 | O7: 31.9 | P7: 31.42 | Q7: 31.83 | R7: -0.0061 | S7: 6.8775 | T7: 11.7415 | U7: 1.3595 | V7: 7.0113 | W7: 8.7658 | X7: 0.0338 | Y7: -6.7065 | Z7: -10.914 | AA7: -1.3023 | AB7: -6.6843 | AC7: -8.165
A8: 2026-10-07 | B8: 153.7 | C8: 159.49 | D8: 151.42 | E8: 158.91 | F8: 82.32 | G8: 83.75 | H8: 81.6 | I8: 83.62 | J8: 31.55 | K8: 31.97 | L8: 30.5 | M8: 30.65 | N8: 32.58 | O8: 32.84 | P8: 32.02 | Q8: 32.07 | R8: -3.257 | S8: -2.932 | T8: 7.4733 | U8: -0.7478 | V8: 3.2218 | W8: 7.1639 | X8: 3.4425 | Y8: 3.1639 | Z8: -7.3458 | AA8: 0.754 | AB8: -3.1703 | AC8: -6.8003
A9: 2026-10-08 | B9: 150.48 | C9: 155.5 | D9: 136.32 | E9: 142.52 | F9: 82.33 | G9: 83.4 | H9: 78.78 | I9: 80.23 | J9: 32.25 | K9: 34.96 | L9: 31.25 | M9: 33.79 | N9: 32.58 | O9: 33.94 | P9: 32.16 | Q9: 33.37 | R9: -10.314 | S9: -13.2404 | T9: -7.2679 | U9: -4.0541 | V9: -3.4769 | W9: 1.9052 | X9: 10.2447 | Y9: 14.0783 | Z9: 6.3917 | AA9: 4.0536 | AB9: 3.4729 | AC9: -2.1695
A10: 2026-10-09 | B10: 148.18 | C10: 148.18 | D10: 137.71 | E10: 139.76 | F10: 81.72 | G10: 81.81 | H10: 80.37 | I10: 81.28 | J10: 32.4 | K10: 34.91 | L10: 32.39 | M10: 34.39 | N10: 32.78 | O10: 33.34 | P10: 32.73 | Q10: 32.95 | R10: -1.9366 | S10: -14.9154 | T10: -14.6295 | U10: 1.3087 | V10: -3.5252 | W10: 0.3333 | X10: 1.7757 | Y10: 16.0648 | Z10: 15.7523 | AA10: -1.2586 | AB10: 3.5187 | AC10: -0.5133
A11: 2026-10-12 | B11: 134.43 | C11: 134.54 | D11: 127.27 | E11: 128.4 | F11: 80.78 | G11: 80.81 | H11: 79.22 | I11: 79.61 | J11: 35.75 | K11: 37.5 | L11: 35.68 | M11: 37.19 | N11: 33.17 | O11: 33.8 | P11: 33.17 | Q11: 33.63 | R11: -8.1282 | S11: -19.1995 | T11: -21.836 | U11: -2.0546 | V11: -4.7955 | W11: -4.2228 | X11: 8.1419 | Y11: 21.3377 | Z11: 25.5571 | AA11: 2.0637 | AB11: 4.8644 | AC11: 4.2791
A12: 2026-10-13 | B12: 118.42 | C12: 127.92 | D12: 115.84 | E12: 127.57 | F12: 77.51 | G12: 79 | H12: 77.28 | I12: 78.81 | J12: 40.15 | K12: 40.9 | L12: 37.36 | M12: 37.42 | N12: 34.54 | O12: 34.63 | P12: 33.89 | Q12: 33.99 | R12: -0.6464 | S12: -10.4898 | T12: -22.3365 | U12: -1.0049 | V12: -1.7699 | W12: -6.457 | X12: 0.6184 | Y12: 10.7428 | Z12: 26.2909 | AA12: 1.0705 | AB12: 1.858 | AC12: 6.7861
A13: 2026-10-14 | B13: 119.02 | C13: 120.9 | D13: 109 | E13: 110.54 | F13: 77 | G13: 77.79 | H13: 73.31 | I13: 74.12 | J13: 40.03 | K13: 42.95 | L13: 39.43 | M13: 42.52 | N13: 34.77 | O13: 36.35 | P13: 34.42 | Q13: 36 | R13: -13.3495 | S13: -20.9073 | T13: -30.4386 | U13: -5.951 | V13: -8.8091 | W13: -11.3609 | X13: 13.6291 | Y13: 23.6406 | Z13: 38.7276 | AA13: 5.9135 | AB13: 9.2564 | AC13: 12.2544
A14: 2026-10-15 | B14: 98.35 | C14: 108.8 | D14: 95.23 | E14: 107.35 | F14: 70.95 | G14: 74.24 | H14: 69.99 | I14: 73.82 | J14: 47.19 | K14: 48.37 | L14: 43.11 | M14: 43.64 | N14: 37.57 | O14: 38.02 | P14: 35.94 | Q14: 36.14 | R14: -2.8858 | S14: -16.3941 | T14: -24.6772 | U14: -0.4047 | V14: -7.273 | W14: -7.9895 | X14: 2.6341 | Y14: 17.3434 | Z14: 29.1506 | AA14: 0.3889 | AB14: 7.4636 | AC14: 8.3009
A15: 2026-10-16 | B15: 101.19 | C15: 103.93 | D15: 93.45 | E15: 93.67 | F15: 73.01 | G15: 73.13 | H15: 67.43 | I15: 68.21 | J15: 46.22 | K15: 49.36 | L15: 45.08 | M15: 49.23 | N15: 36.57 | O15: 39.29 | P15: 36.51 | Q15: 38.9 | R15: -12.7434 | S15: -26.5736 | T15: -32.978 | U15: -7.5996 | V15: -13.4501 | W15: -16.0802 | X15: 12.8093 | Y15: 31.5607 | Z15: 43.1521 | AA15: 7.637 | AB15: 14.4454 | AC15: 18.0577
A16: 2026-10-19 | B16: 103.95 | C16: 104.98 | D16: 97.8 | E16: 98.65 | F16: 71.01 | G16: 72.44 | H16: 70.13 | I16: 70.64 | J16: 43.86 | K16: 47.07 | L16: 43.32 | M16: 46.63 | N16: 37.33 | O16: 37.82 | P16: 36.51 | Q16: 37.52 | R16: 5.3165 | S16: -10.7563 | T16: -23.1698 | U16: 3.5625 | V16: -4.6951 | W16: -11.2674 | X16: -5.2813 | Y16: 9.666 | Z16: 25.3832 | AA16: -3.5476 | AB16: 4.2222 | AC16: 11.5671
A17: 2026-10-20 | B17: 94.52 | C17: 102.62 | D17: 91.35 | E17: 97.55 | F17: 69.71 | G17: 71.93 | H17: 68.28 | I17: 70.41 | J17: 48.64 | K17: 50.12 | L17: 44.76 | M17: 47.13 | N17: 38.03 | O17: 38.79 | P17: 36.85 | Q17: 37.68 | R17: -1.1151 | S17: -9.129 | T17: -23.5322 | U17: -0.3256 | V17: -4.6193 | W17: -10.6585 | X17: 1.0723 | Y17: 7.9973 | Z17: 25.9487 | AA17: 0.4264 | AB17: 4.2612 | AC17: 10.8561
A18: 2026-10-21 | B18: 102.86 | C18: 106.13 | D18: 99.31 | E18: 103.24 | F18: 71.72 | G18: 73.43 | H18: 71.02 | I18: 72.61 | J18: 44.51 | K18: 47.1 | L18: 43.57 | M18: 44.29 | N18: 36.94 | O18: 38.11 | P18: 36.05 | Q18: 36.48 | R18: 5.8329 | S18: 10.2167 | T18: -6.6039 | U18: 3.1246 | V18: 6.4507 | W18: -2.0372 | X18: -6.0259 | Y18: -10.0345 | Z18: 4.1627 | AA18: -3.1847 | AB18: -6.2211 | AC18: 1.3333
... A23: 2026-10-28 | B23: 103.97 | C23: 108.6 | D23: 101.32 | E23: 107.35 | F23: 71.91 | G23: 72.53 | H23: 70.76 | I23: 72.36 | J23: 41.33 | K23: 42.41 | L23: 39.33 | M23: 39.78 | N23: 36.51 | O23: 37.09 | P23: 36.2 | Q23: 36.28 | R23: 6.203 | S23: 28.4706 | T23: 3.981 | U23: 1.8581 | V23: 9.1567 | W23: -0.3443 | X23: -6.4 | Y23: -24.1708 | Z23: -10.1829 | AA23: -1.7601 | AB23: -8.5685 | AC23: -0.5482
