Workbook

Sheet Instructions
A1: 4-ETF Trading Workbook Template
A3: Purpose
A4: Track your 4-ETF momentum system using daily market data, an automatic signal page, a manual trade log, and performance statistics.
A6: Trading Universe
A7: SOXL = Bullish semiconductors
A8: SOXS = Bearish semiconductors
A9: TQQQ = Bullish Nasdaq/tech
A10: SQQQ = Bearish Nasdaq/tech
A12: How to Use
A13: 1. Enter one row per trading day in the Daily_Data sheet.
A14: 2. Enter Open, High, Low, Close for each ETF. Daily % columns calculate automatically.
A15: 3. Review the Signal sheet. It determines market direction and suggests an ETF to trade.
... A27: Example: +25% profit target and -15% stop loss (adjust to your own risk tolerance).

Sheet Daily_Data
A1: Daily Market Data
A2: Date | B2: Semiconductors | H2: Nasdaq / Tech | Q2: Signals require at least 2 trading days of data.
A3: Date | B3: SOXL Open | C3: SOXL High | D3: SOXL Low | E3: SOXL Close | F3: SOXL Daily % | G3: SOXS Close | H3: SOXS Daily % | I3: TQQQ Open | J3: TQQQ High | K3: TQQQ Low | L3: TQQQ Close | M3: TQQQ Daily % | N3: SQQQ Close | O3: SQQQ Daily %
F4: =IFERROR((E4/E3)-1,"") | H4: =IFERROR((G4/G3)-1,"") | M4: =IFERROR((L4/L3)-1,"") | N4: =IFERROR((M4/M3)-1,"") | O4: =IFERROR((N4/N3)-1,"") | P4: =IFERROR((O4/O3)-1,"")
F5: =IFERROR((E5/E4)-1,"") | H5: =IFERROR((G5/G4)-1,"") | M5: =IFERROR((L5/L4)-1,"") | N5: =IFERROR((M5/M4)-1,"") | O5: =IFERROR((N5/N4)-1,"") | P5: =IFERROR((O5/O4)-1,"")
F6: =IFERROR((E6/E5)-1,"") | H6: =IFERROR((G6/G5)-1,"") | M6: =IFERROR((L6/L5)-1,"") | N6: =IFERROR((M6/M5)-1,"") | O6: =IFERROR((N6/N5)-1,"") | P6: =IFERROR((O6/O5)-1,"")
F7: =IFERROR((E7/E6)-1,"") | H7: =IFERROR((G7/G6)-1,"") | M7: =IFERROR((L7/L6)-1,"") | N7: =IFERROR((M7/M6)-1,"") | O7: =IFERROR((N7/N6)-1,"") | P7: =IFERROR((O7/O6)-1,"")
F8: =IFERROR((E8/E7)-1,"") | H8: =IFERROR((G8/G7)-1,"") | M8: =IFERROR((L8/L7)-1,"") | N8: =IFERROR((M8/M7)-1,"") | O8: =IFERROR((N8/N7)-1,"") | P8: =IFERROR((O8/O7)-1,"")
F9: =IFERROR((E9/E8)-1,"") | H9: =IFERROR((G9/G8)-1,"") | M9: =IFERROR((L9/L8)-1,"") | N9: =IFERROR((M9/M8)-1,"") | O9: =IFERROR((N9/N8)-1,"") | P9: =IFERROR((O9/O8)-1,"")
F10: =IFERROR((E10/E9)-1,"") | H10: =IFERROR((G10/G9)-1,"") | M10: =IFERROR((L10/L9)-1,"") | N10: =IFERROR((M10/M9)-1,"") | O10: =IFERROR((N10/N9)-1,"") | P10: =IFERROR((O10/O9)-1,"")
F11: =IFERROR((E11/E10)-1,"") | H11: =IFERROR((G11/G10)-1,"") | M11: =IFERROR((L11/L10)-1,"") | N11: =IFERROR((M11/M10)-1,"") | O11: =IFERROR((N11/N10)-1,"") | P11: =IFERROR((O11/O10)-1,"")
F12: =IFERROR((E12/E11)-1,"") | H12: =IFERROR((G12/G11)-1,"") | M12: =IFERROR((L12/L11)-1,"") | N12: =IFERROR((M12/M11)-1,"") | O12: =IFERROR((N12/N11)-1,"") | P12: =IFERROR((O12/O11)-1,"")
F13: =IFERROR((E13/E12)-1,"") | H13: =IFERROR((G13/G12)-1,"") | M13: =IFERROR((L13/L12)-1,"") | N13: =IFERROR((M13/M12)-1,"") | O13: =IFERROR((N13/N12)-1,"") | P13: =IFERROR((O13/O12)-1,"")
F14: =IFERROR((E14/E13)-1,"") | H14: =IFERROR((G14/G13)-1,"") | M14: =IFERROR((L14/L13)-1,"") | N14: =IFERROR((M14/M13)-1,"") | O14: =IFERROR((N14/N13)-1,"") | P14: =IFERROR((O14/O13)-1,"")
F15: =IFERROR((E15/E14)-1,"") | H15: =IFERROR((G15/G14)-1,"") | M15: =IFERROR((L15/L14)-1,"") | N15: =IFERROR((M15/M14)-1,"") | O15: =IFERROR((N15/N14)-1,"") | P15: =IFERROR((O15/O14)-1,"")
... F400: =IFERROR((E400/E399)-1,"") | H400: =IFERROR((G400/G399)-1,"") | M400: =IFERROR((L400/L399)-1,"") | N400: =IFERROR((M400/M399)-1,"") | O400: =IFERROR((N400/N399)-1,"") | P400: =IFERROR((O400/O399)-1,"")

Sheet Signal
A1: Signal Engine
A2: Metric | B2: Value
A3: Latest Date | B3: =LOOKUP(2,1/(Daily_Data!A:A<>""),Daily_Data!A:A) | D3: Note: signal populates after 2 trading days of data.
A4: SOXL Daily % | B4: =LOOKUP(2,1/(Daily_Data!F:F<>""),Daily_Data!F:F)
A5: SOXS Daily % | B5: =LOOKUP(2,1/(Daily_Data!H:H<>""),Daily_Data!H:H)
A6: TQQQ Daily % | B6: =LOOKUP(2,1/(Daily_Data!M:M<>""),Daily_Data!M:M)
A7: SQQQ Daily % | B7: =LOOKUP(2,1/(Daily_Data!O:O<>""),Daily_Data!O:O)
A9: Market Direction | B9: =IF(OR(B6="",B7=""),"",IF(AND(B6>0,B7<0),"Bull",IF(AND(B6<0,B7>0),"Bear","Mixed")))
A10: Sector Leadership | B10: =IF(OR(B4="",B6=""),"",IF(B9="Bull",IF(B4>B6,"Semiconductors Leading","Tech Leading"),IF(B9="Bear",IF(B5>B7,"Semiconductors Weakest","Tech Weakest"),"Mixed")))
A11: Trade ETF | B11: =IF(B9="Bull",IF(B10="Semiconductors Leading","SOXL",IF(B10="Tech Leading","TQQQ","NO TRADE")),IF(B9="Bear",IF(B10="Semiconductors Weakest","SOXS",IF(B10="Tech Weakest","SQQQ","NO TRADE")),"NO TRADE"))
A12: Signal Strength | B12: =IF(B11="NO TRADE","Weak",IF(OR(ABS(B4)>=0.03,ABS(B5)>=0.03,ABS(B6)>=0.03,ABS(B7)>=0.03),"Strong","Moderate"))

Sheet Trades
A1: Trade Log
A2: Date | B2: ETF | C2: Direction | D2: Entry Price | E2: Exit Price | F2: Position Size ($) | G2: Gross P&L ($) | H2: Gross P&L (%) | I2: Win/Loss | J2: Notes
G3: =IF(OR(D3="",E3="",F3=""),"",((E3-D3)/D3)*F3) | H3: =IF(OR(D3="",E3=""),"",((E3-D3)/D3)) | I3: =IF(H3="","",IF(H3>0,"Win","Loss"))
G4: =IF(OR(D4="",E4="",F4=""),"",((E4-D4)/D4)*F4) | H4: =IF(OR(D4="",E4=""),"",((E4-D4)/D4)) | I4: =IF(H4="","",IF(H4>0,"Win","Loss"))
G5: =IF(OR(D5="",E5="",F5=""),"",((E5-D5)/D5)*F5) | H5: =IF(OR(D5="",E5=""),"",((E5-D5)/D5)) | I5: =IF(H5="","",IF(H5>0,"Win","Loss"))
G6: =IF(OR(D6="",E6="",F6=""),"",((E6-D6)/D6)*F6) | H6: =IF(OR(D6="",E6=""),"",((E6-D6)/D6)) | I6: =IF(H6="","",IF(H6>0,"Win","Loss"))
G7: =IF(OR(D7="",E7="",F7=""),"",((E7-D7)/D7)*F7) | H7: =IF(OR(D7="",E7=""),"",((E7-D7)/D7)) | I7: =IF(H7="","",IF(H7>0,"Win","Loss"))
G8: =IF(OR(D8="",E8="",F8=""),"",((E8-D8)/D8)*F8) | H8: =IF(OR(D8="",E8=""),"",((E8-D8)/D8)) | I8: =IF(H8="","",IF(H8>0,"Win","Loss"))
G9: =IF(OR(D9="",E9="",F9=""),"",((E9-D9)/D9)*F9) | H9: =IF(OR(D9="",E9=""),"",((E9-D9)/D9)) | I9: =IF(H9="","",IF(H9>0,"Win","Loss"))
G10: =IF(OR(D10="",E10="",F10=""),"",((E10-D10)/D10)*F10) | H10: =IF(OR(D10="",E10=""),"",((E10-D10)/D10)) | I10: =IF(H10="","",IF(H10>0,"Win","Loss"))
G11: =IF(OR(D11="",E11="",F11=""),"",((E11-D11)/D11)*F11) | H11: =IF(OR(D11="",E11=""),"",((E11-D11)/D11)) | I11: =IF(H11="","",IF(H11>0,"Win","Loss"))
G12: =IF(OR(D12="",E12="",F12=""),"",((E12-D12)/D12)*F12) | H12: =IF(OR(D12="",E12=""),"",((E12-D12)/D12)) | I12: =IF(H12="","",IF(H12>0,"Win","Loss"))
G13: =IF(OR(D13="",E13="",F13=""),"",((E13-D13)/D13)*F13) | H13: =IF(OR(D13="",E13=""),"",((E13-D13)/D13)) | I13: =IF(H13="","",IF(H13>0,"Win","Loss"))
G14: =IF(OR(D14="",E14="",F14=""),"",((E14-D14)/D14)*F14) | H14: =IF(OR(D14="",E14=""),"",((E14-D14)/D14)) | I14: =IF(H14="","",IF(H14>0,"Win","Loss"))
... G302: =IF(OR(D302="",E302="",F302=""),"",((E302-D302)/D302)*F302) | H302: =IF(OR(D302="",E302=""),"",((E302-D302)/D302)) | I302: =IF(H302="","",IF(H302>0,"Win","Loss"))

Sheet Stats
A1: Performance Stats
A3: Total Trades | B3: =COUNTA(Trades!B3:B302)
A4: Winning Trades | B4: =COUNTIF(Trades!I3:I302,"Win")
A5: Losing Trades | B5: =COUNTIF(Trades!I3:I302,"Loss")
A6: Win Rate | B6: =IFERROR(B4/B3,"")
A7: Average Gain % | B7: =IFERROR(AVERAGEIF(Trades!H3:H302,">0",Trades!H3:H302),"")
A8: Average Loss % | B8: =IFERROR(AVERAGEIF(Trades!H3:H302,"<0",Trades!H3:H302),"")
A9: Net P&L ($) | B9: =SUM(Trades!G3:G302)
A10: Average P&L per Trade ($) | B10: =IFERROR(B9/B3,"")
